test_run = require('test_run').new()
---
...
engine = test_run:get_cfg('engine')
---
...
box.sql.execute('pragma sql_default_engine=\''..engine..'\'')
---
- rowcount: 1
...
-- box.cfg()
-- create space
box.sql.execute("CREATE TABLE t1(a, b, PRIMARY KEY(a, b));");
---
- rowcount: 1
...
-- Debug
-- box.sql.execute("PRAGMA vdbe_debug=ON ; INSERT INTO zoobar VALUES (111, 222, 'c3', 444)")
-- Seed entries
box.sql.execute("INSERT INTO t1 VALUES(1, 2);");
---
- rowcount: 1
...
box.sql.execute("INSERT INTO t1 VALUES(2, 4);");
---
- rowcount: 1
...
box.sql.execute("INSERT INTO t1 VALUES(1, 5);");
---
- rowcount: 1
...
-- Two rows to be removed.
box.sql.execute("DELETE FROM t1 WHERE a=1;");
---
- rowcount: 2
...
-- Verify
box.sql.execute("SELECT * FROM t1;");
---
- metadata:
  - name: A
  - name: B
  rows:
  - [2, 4]
...
-- Cleanup
box.sql.execute("DROP TABLE t1;");
---
- rowcount: 1
...
-- Debug
-- require("console").start()
--
-- gh-3535: Assertion with trigger and non existent table
--
box.sql.execute("DELETE FROM t1;")
---
- error: 'Failed to execute SQL statement: Space ''T1'' does not exist'
...
box.sql.execute("CREATE TABLE t2 (s1 INT PRIMARY KEY);")
---
- rowcount: 1
...
box.sql.execute("CREATE TRIGGER t2 BEFORE INSERT ON t2 BEGIN DELETE FROM t1; END;")
---
- rowcount: 1
...
box.sql.execute("INSERT INTO t2 VALUES (0);")
---
- error: 'Failed to execute SQL statement: Space ''T1'' does not exist'
...
box.sql.execute("DROP TABLE t2;")
---
- rowcount: 1
...
--
-- gh-2201: TRUNCATE TABLE operation.
--
-- can't truncate system table.
box.sql.execute("TRUNCATE TABLE \"_sql_stat1\";")
---
- error: 'Failed to execute SQL statement: Can''t truncate a system space, space ''_sql_stat1'''
...
box.sql.execute("CREATE TABLE t1(id INT PRIMARY KEY, a INT, b STR);")
---
- rowcount: 1
...
box.sql.execute("INSERT INTO t1 VALUES(1, 1, 'one');")
---
- rowcount: 1
...
box.sql.execute("INSERT INTO t1 VALUES(2, 2, 'two');")
---
- rowcount: 1
...
-- Can't truncate in transaction.
box.sql.execute("START TRANSACTION")
---
- rowcount: 1
...
box.sql.execute("TRUNCATE TABLE t1;")
---
- error: 'Failed to execute SQL statement: DDL does not support multi-statement transactions'
...
box.sql.execute("ROLLBACK")
---
- rowcount: 1
...
-- Can't truncate view.
box.sql.execute("CREATE VIEW v1 AS SELECT * FROM t1;")
---
- rowcount: 1
...
box.sql.execute("TRUNCATE TABLE v1;")
---
- error: 'Failed to execute SQL statement: SQL error: can not truncate space ''V1''
    because it is a view'
...
-- Can't truncate table with FK.
box.sql.execute("CREATE TABLE t2(x INT PRIMARY KEY REFERENCES t1(id));")
---
- rowcount: 2
...
box.sql.execute("TRUNCATE TABLE t1;")
---
- error: 'Failed to execute SQL statement: SQL error: can not truncate space ''T1''
    because other objects depend on it'
...
-- Table triggers should be ignored.
box.sql.execute("DROP TABLE t2;")
---
- rowcount: 2
...
box.sql.execute("CREATE TABLE t2(x INT PRIMARY KEY);")
---
- rowcount: 1
...
box.sql.execute("CREATE TRIGGER trig2 BEFORE DELETE ON t1 BEGIN INSERT INTO t2 VALUES(old.x); END;")
---
- rowcount: 1
...
box.sql.execute("TRUNCATE TABLE t1;")
---
- rowcount: 1
...
box.sql.execute("SELECT * FROM t1;")
---
- metadata:
  - name: ID
  - name: A
  - name: B
  rows: []
...
box.sql.execute("SELECT * FROM t2;")
---
- metadata:
  - name: X
  rows: []
...
-- Cleanup.
box.sql.execute("DROP VIEW v1");
---
- rowcount: 1
...
box.sql.execute("DROP TABLE t1;")
---
- rowcount: 1
...
box.sql.execute("DROP TABLE t2;")
---
- rowcount: 1
...
